{"294": [1.0192307692307692, 1.25, 1], "355": [1.0, 1.2181818181818183, 1]}