{"355": [1.0218978102189782, 1.1386861313868613, 1], "326": [1.0327868852459017, 1.1721311475409837, 2]}