{"564": [1.005952380952381, 1.1428571428571428, 1], "373": [1.02, 1.1733333333333333, 1]}