{"564": [1.0256410256410255, 1.1428571428571428, 2], "373": [1.02, 1.1733333333333333, 1]}