{"357": [1.0246913580246915, 1.2222222222222223, 1], "537": [1.1756756756756757, 1.3918918918918919, 1]}