{"668": [1.0526315789473684, 1.2518518518518518, 2], "911": [1.0925925925925926, 1.2685185185185186, 1]}