{"668": [1.1004566210045663, 1.6210045662100456, 2], "911": [1.105263157894737, 1.3981191222570533, 5]}