{"498": [1.0377358490566038, 1.3584905660377358, 1], "147": [1.1111111111111112, 1.6666666666666667, 1]}