{"563": [1.0344827586206897, 1.2528735632183907, 1], "554": [1.0855855855855856, 1.4054054054054055, 1]}