{"411": [1.0, 1.0863636363636364, 1], "151": [1.1017811704834606, 1.1501272264631044, 1], "88": [1.1146496815286624, 1.127388535031847, 1]}