{"550": [1.0170212765957447, 1.2765957446808511, 1], "668": [1.1367521367521367, 1.2991452991452992, 2]}