{"628": [1.065217391304348, 1.434782608695652, 1], "147": [1.1578947368421053, 1.605263157894737, 1]}