{"707": [1.063063063063063, 1.2882882882882882, 2], "563": [1.0, 1.7352941176470589, 1]}