{"668": [1.1290322580645162, 1.5546218487394958, 2], "490": [1.0142857142857142, 1.3428571428571427, 1]}