{"628": [1.0784313725490196, 1.5686274509803921, 1], "668": [1.2376237623762376, 1.247191011235955, 7]}