{"628": [1.0784313725490196, 1.5686274509803921, 1], "668": [1.1463878326996197, 1.247191011235955, 4]}