{"395": [1.0, 1.0672268907563025, 2], "394": [1.018181818181818, 1.0909090909090908, 1]}