{"395": [1.0210526315789474, 1.0672268907563025, 3], "394": [1.018181818181818, 1.0909090909090908, 2]}