{"395": [1.028169014084507, 1.0672268907563025, 4], "394": [1.018181818181818, 1.0909090909090908, 3]}