{"395": [1.0, 1.0842105263157895, 1], "538": [1.162162162162162, 1.3783783783783783, 1]}