{"668": [1.0446428571428572, 1.1964285714285714, 1], "911": [1.0, 1.0723404255319149, 1]}