{"668": [1.1011904761904763, 1.1785714285714286, 2], "538": [1.1827956989247312, 1.2795698924731183, 2]}