{"668": [1.1011904761904763, 1.1785714285714286, 1], "538": [1.1827956989247312, 1.3978494623655915, 1]}