{"668": [1.105263157894737, 1.2030075187969924, 1], "911": [1.045, 1.145, 1]}