{"668": [1.105263157894737, 1.2030075187969924, 1], "911": [1.071969696969697, 1.121212121212121, 2]}