{"916": [1.1054852320675106, 1.2784810126582278, 2], "656": [1.2774390243902438, 1.7164634146341464, 1]}