{"668": [1.1071428571428572, 1.5267857142857142, 1], "911": [1.025531914893617, 1.0808510638297872, 1]}