{"464": [1.2740963855421688, 1.6636636636636637, 3], "656": [1.3753753753753755, 1.9159159159159158, 3]}