{"464": [1.0660660660660661, 1.6636636636636637, 2], "656": [1.3753753753753755, 1.978978978978979, 2]}