{"235": [1.0071428571428571, 1.6285714285714286, 1], "407": [1.2868217054263567, 1.6356589147286822, 2]}