{"107": [1.1851851851851851, 1.2222222222222223, 4], "144": [1.0, 1.1111111111111112, 1]}