{"158": [1.0454545454545454, 1.1081081081081081, 2], "107": [1.0555555555555556, 1.2777777777777777, 1]}