{"106": [1.3978494623655915, 1.5087719298245614, 5], "198": [1.0217391304347827, 1.3695652173913044, 1]}