{"586": [1.3793103448275863, 1.3212121212121213, 18], "668": [1.1686746987951808, 1.2242990654205608, 8]}