{"586": [1.3763440860215055, 1.3212121212121213, 13], "668": [1.1686746987951808, 1.2469879518072289, 6]}