{"586": [1.3952380952380952, 1.4166666666666667, 12], "668": [1.1732283464566928, 1.3603603603603605, 3]}