{"586": [1.2692307692307692, 1.4166666666666667, 5], "668": [1.1732283464566928, 1.3603603603603605, 3]}