{"586": [1.1176470588235294, 1.3647058823529412, 1], "592": [1.0940170940170941, 1.4786324786324787, 1]}