{"657": [1.0056338028169014, 1.419718309859155, 1], "198": [1.0878048780487806, 1.8048780487804879, 1]}