{
    "537": [
        1,
        1.4705882352941178,
        1
    ],
    "236": [
        1.0340909090909092,
        1.0340909090909092,
        2
    ]
}