{
    "119": [
        1,
        1.0879120879120878,
        1
    ],
    "668": [
        1.019047619047619,
        1.1271393643031784,
        2
    ]
}