{
    "668": [
        1,
        1.3658536585365855,
        1
    ],
    "464": [
        1.018348623853211,
        1.1926605504587156,
        2
    ]
}