{
    "696": [
        1.0168539325842696,
        1.5,
        1
    ],
    "538": [
        1.0714285714285714,
        1.3095238095238095,
        1
    ]
}