{
    "696": [
        1.0168539325842696,
        1.5,
        1
    ],
    "538": [
        1.072072072072072,
        1.2236842105263157,
        2
    ]
}