{
    "330": [
        1.0333333333333334,
        1.6666666666666667,
        1
    ],
    "623": [
        1,
        1.25,
        1
    ]
}