{
    "893": [
        1.0284090909090908,
        1.0965909090909092,
        1
    ],
    "488": [
        1,
        1.7575757575757576,
        1
    ]
}