{
    "200": [
        1.034013605442177,
        1.3877551020408163,
        1
    ],
    "668": [
        1.0112994350282485,
        1.2787193973634652,
        1
    ]
}