{
    "200": [
        1.034013605442177,
        1.3877551020408163,
        1
    ],
    "668": [
        1.0662983425414365,
        1.103734439834025,
        2
    ]
}