{
    "200": [
        1.034013605442177,
        1.3877551020408163,
        1
    ],
    "668": [
        1.054263565891473,
        1.372093023255814,
        1
    ]
}