{"573": [0.9928571428571429, 1.0857142857142856, 1], "84": [1.005181347150259, 1.0155440414507773, 1]}