{"297": [0.9921875, 1.0078125, 1], "395": [1.0, 1.5942028985507246, 1]}