{"12": [0.9629629629629629, 1.4444444444444444, 1], "623": [0.9696969696969697, 1.3636363636363635, 1], "662": [0.9929577464788732, 1.0070422535211268, 2]}