{"420": [0.9855072463768116, 1.2753623188405796, 1], "903": [0.9767441860465116, 1.3255813953488371, 1]}