{"179": [1.007936507936508, 1.1666666666666667, 2], "689": [1.0, 1.4285714285714286, 1]}