{"692": [1.0, 1.5151515151515151, 1], "689": [1.0408163265306123, 1.4285714285714286, 1]}