{"537": [0.989010989010989, 1.1758241758241759, 1], "692": [1.0694444444444444, 1.3472222222222223, 1]}