{"692": [1.0277777777777777, 1.2638888888888888, 1], "705": [1.0171821305841924, 1.2268041237113403, 1]}