{"689": [1.1046511627906976, 1.1851851851851851, 3], "692": [1.0277777777777777, 1.2638888888888888, 2]}