{"560": [1.0140845070422535, 1.0175953079178885, 2], "541": [1.0, 1.055793991416309, 1]}