{"228": [0.9565217391304348, 1.0108695652173914, 3], "579": [0.991869918699187, 1.0064935064935066, 10]}