{"391": [0.972972972972973, 1.027027027027027, 1], "296": [1.0218181818181817, 1.1054545454545455, 1]}