{"197": [1.0879120879120878, 1.1703296703296704, 1], "392": [1.0718232044198894, 1.143646408839779, 1]}