{"200": [0.9866666666666667, 1.0133333333333334, 1], "196": [1.0044247787610618, 1.238938053097345, 1]}