{"435": [1.2, 1.5636363636363637, 1], "372": [1.0133333333333334, 1.28, 1]}