{"196": [1.041860465116279, 1.2279069767441861, 1], "172": [1.0103626943005182, 1.2227979274611398, 1]}