{"196": [1.041860465116279, 1.2279069767441861, 1], "172": [1.06993006993007, 1.1888111888111887, 2]}