{"118": [0.96875, 1.09375, 1], "488": [0.9791666666666666, 1.0833333333333333, 1]}