{"550": [1.0027322404371584, 1.169398907103825, 1], "394": [1.04, 1.65, 1]}