{"392": [1.0298507462686568, 1.3805970149253732, 2], "446": [1.1231884057971016, 1.463768115942029, 1]}