{"394": [1.0727272727272728, 1.1363636363636365, 2], "893": [1.0975609756097562, 1.1168831168831168, 3]}