{"394": [1.0727272727272728, 1.1363636363636365, 2], "893": [1.0584415584415585, 1.1168831168831168, 2]}