{"555": [1.0, 1.1290322580645162, 3], "297": [1.0, 1.173913043478261, 1]}