{"372": [1.1904761904761905, 1.2380952380952381, 1], "394": [1.0980392156862746, 1.4444444444444444, 2]}