{"372": [1.1904761904761905, 1.2380952380952381, 2], "394": [1.1184510250569477, 1.4444444444444444, 4]}