{"394": [1.1827242524916943, 1.840531561461794, 1], "506": [1.056047197640118, 1.640117994100295, 1]}