{
    "668": [
        1.0188679245283019,
        1.490566037735849,
        1
    ],
    "498": [
        1,
        1.2564102564102564,
        1
    ]
}