{
    "628": [
        1.096774193548387,
        1.5483870967741935,
        2
    ],
    "930": [
        1,
        1.1568627450980393,
        1
    ]
}