{
    "668": [
        1.0245901639344261,
        1.1527777777777777,
        3
    ],
    "569": [
        1.0253164556962024,
        1.4050632911392404,
        1
    ]
}