{
    "668": [
        1.0657894736842106,
        1.1702702702702703,
        5
    ],
    "397": [
        1.0535714285714286,
        1.1875,
        1
    ]
}