{
    "554": [
        1.0403587443946187,
        1.2197309417040358,
        2
    ],
    "623": [
        1.0091743119266054,
        1.6330275229357798,
        1
    ]
}