{
    "623": [
        1.0727272727272728,
        1.1,
        4
    ],
    "587": [
        1.0655737704918034,
        1.1147540983606556,
        1
    ]
}