{
    "578": [
        1.1491442542787287,
        1.7090464547677262,
        1
    ],
    "145": [
        1.2539184952978057,
        1.9717868338557993,
        1
    ]
}