{
    "360": [
        1.0996563573883162,
        1.5670103092783505,
        2
    ],
    "119": [
        1.0162162162162163,
        1.3891891891891892,
        1
    ]
}