{"119": [1.0769230769230769, 1.7179487179487178, 1], "329": [1.04, 1.12, 2]}