{"911": [1.0717299578059072, 1.1434599156118144, 1], "537": [1.1805555555555556, 1.2083333333333333, 2]}