{"911": [1.2072538860103628, 1.1931818181818181, 5], "668": [1.2673267326732673, 1.2871287128712872, 2]}