{"580": [1.0, 1.1061946902654867, 1], "418": [1.0175438596491229, 1.3157894736842106, 1]}