{"580": [1.0153846153846153, 1.1076923076923078, 1], "658": [1.013793103448276, 1.1310344827586207, 1]}