{"580": [1.008849557522124, 1.1150442477876106, 1], "658": [1.0, 1.0952380952380953, 1]}