{"198": [1.4035087719298245, 1.7017543859649122, 1], "908": [1.3225806451612903, 1.596774193548387, 1]}