{"198": [1.4035087719298245, 1.469387755102041, 2], "908": [1.3225806451612903, 1.596774193548387, 1]}