{"908": [1.0674157303370786, 1.2584269662921348, 2], "489": [1.0089285714285714, 1.4821428571428572, 1]}