{"469": [1.1265822784810127, 1.4261603375527425, 1], "689": [1.017094017094017, 1.4700854700854702, 1]}