{"666": [1.142322097378277, 1.797752808988764, 1], "497": [1.0947368421052632, 1.555263157894737, 1]}