{"497": [1.2195121951219512, 1.8658536585365855, 1], "666": [1.2283737024221453, 1.2698961937716262, 2]}