{"711": [1.148936170212766, 1.1808510638297873, 2], "489": [1.0410958904109588, 1.048780487804878, 2]}