{"464": [1.0463576158940397, 1.1258278145695364, 3], "200": [1.0384615384615385, 1.3653846153846154, 1]}