{"464": [1.03954802259887, 1.1638418079096045, 1], "200": [1.0384615384615385, 1.3653846153846154, 1]}