{"200": [1.054263565891473, 1.178294573643411, 1], "357": [1.0082644628099173, 1.5537190082644627, 1]}