{"576": [1.0165631469979297, 1.0745341614906831, 2], "178": [1.0100671140939597, 1.0738255033557047, 1]}