{"200": [1.058139534883721, 1.0930232558139534, 2], "692": [1.0923076923076922, 1.3846153846153846, 1]}