{"629": [1.0333333333333334, 1.1666666666666667, 1], "587": [0.968, 1.064, 1]}