{"488": [1.0158730158730158, 1.492063492063492, 1], "1496": [1.0355731225296443, 1.1541501976284585, 1]}