{"692": [1.0, 1.078125, 1], "689": [1.0606060606060606, 1.3181818181818181, 1]}