{"692": [1.078125, 1.078125, 4], "689": [1.0606060606060606, 1.1363636363636365, 2]}