{"692": [1.03125, 1.078125, 3], "689": [1.0606060606060606, 1.3181818181818181, 1]}