{"883": [1.0915254237288134, 1.1491525423728814, 1], "393": [1.1929824561403508, 1.3157894736842106, 1]}