{"689": [1.0434782608695652, 1.289855072463768, 1], "692": [1.0, 1.1492537313432836, 1]}