{"696": [1.0168539325842696, 1.3876404494382022, 1], "646": [1.00354609929078, 1.0638297872340425, 1]}