{"704": [1.2208436724565757, 1.3002481389578164, 1], "689": [1.0333333333333334, 1.5666666666666667, 1]}