{"689": [1.0151515151515151, 1.0508474576271187, 3], "692": [1.0, 1.0695652173913044, 1]}