{"447": [1.0579710144927537, 1.0795454545454546, 4], "446": [1.048148148148148, 1.0833333333333333, 3]}