{"447": [1.0434782608695652, 1.1358695652173914, 1], "446": [1.0684931506849316, 1.2295081967213115, 3]}