{"446": [1.0276243093922652, 1.084942084942085, 2], "447": [1.0681818181818181, 1.0757575757575757, 2]}