{"883": [1.0, 1.3863636363636365, 1], "394": [0.9921875, 1.0703125, 1]}