{
    "380": [
        1.0574468085106383,
        1.0574468085106383,
        1
    ],
    "714": [
        1.081159420289855,
        1.081159420289855,
        1
    ]
}